FrameNumber,Timestamp,NumPeople,Filename,
0,0.000,0,"dataset/video_1/JPEGS/Meet_Crowd000.jpg"
1,0.040,0,"dataset/video_1/JPEGS/Meet_Crowd001.jpg"
2,0.080,0,"dataset/video_1/JPEGS/Meet_Crowd002.jpg"
3,0.120,0,"dataset/video_1/JPEGS/Meet_Crowd003.jpg"
4,0.160,0,"dataset/video_1/JPEGS/Meet_Crowd004.jpg"
5,0.200,0,"dataset/video_1/JPEGS/Meet_Crowd005.jpg"
6,0.240,0,"dataset/video_1/JPEGS/Meet_Crowd006.jpg"
7,0.280,0,"dataset/video_1/JPEGS/Meet_Crowd007.jpg"
8,0.320,0,"dataset/video_1/JPEGS/Meet_Crowd008.jpg"
9,0.360,0,"dataset/video_1/JPEGS/Meet_Crowd009.jpg"
10,0.400,0,"dataset/video_1/JPEGS/Meet_Crowd010.jpg"
11,0.440,0,"dataset/video_1/JPEGS/Meet_Crowd011.jpg"
12,0.480,0,"dataset/video_1/JPEGS/Meet_Crowd012.jpg"
13,0.520,0,"dataset/video_1/JPEGS/Meet_Crowd013.jpg"
14,0.560,0,"dataset/video_1/JPEGS/Meet_Crowd014.jpg"
15,0.600,0,"dataset/video_1/JPEGS/Meet_Crowd015.jpg"
16,0.640,0,"dataset/video_1/JPEGS/Meet_Crowd016.jpg"
17,0.680,0,"dataset/video_1/JPEGS/Meet_Crowd017.jpg"
18,0.720,0,"dataset/video_1/JPEGS/Meet_Crowd018.jpg"
19,0.760,0,"dataset/video_1/JPEGS/Meet_Crowd019.jpg"
20,0.800,0,"dataset/video_1/JPEGS/Meet_Crowd020.jpg"
21,0.840,0,"dataset/video_1/JPEGS/Meet_Crowd021.jpg"
22,0.880,0,"dataset/video_1/JPEGS/Meet_Crowd022.jpg"
23,0.920,0,"dataset/video_1/JPEGS/Meet_Crowd023.jpg"
24,0.960,0,"dataset/video_1/JPEGS/Meet_Crowd024.jpg"
25,1.000,0,"dataset/video_1/JPEGS/Meet_Crowd025.jpg"
26,1.040,0,"dataset/video_1/JPEGS/Meet_Crowd026.jpg"
27,1.080,0,"dataset/video_1/JPEGS/Meet_Crowd027.jpg"
28,1.120,0,"dataset/video_1/JPEGS/Meet_Crowd028.jpg"
29,1.160,0,"dataset/video_1/JPEGS/Meet_Crowd029.jpg"
30,1.200,0,"dataset/video_1/JPEGS/Meet_Crowd030.jpg"
31,1.240,1,"dataset/video_1/JPEGS/Meet_Crowd031.jpg"
32,1.280,1,"dataset/video_1/JPEGS/Meet_Crowd032.jpg"
33,1.320,1,"dataset/video_1/JPEGS/Meet_Crowd033.jpg"
34,1.360,1,"dataset/video_1/JPEGS/Meet_Crowd034.jpg"
35,1.400,1,"dataset/video_1/JPEGS/Meet_Crowd035.jpg"
36,1.440,1,"dataset/video_1/JPEGS/Meet_Crowd036.jpg"
37,1.480,1,"dataset/video_1/JPEGS/Meet_Crowd037.jpg"
38,1.520,1,"dataset/video_1/JPEGS/Meet_Crowd038.jpg"
39,1.560,1,"dataset/video_1/JPEGS/Meet_Crowd039.jpg"
40,1.600,2,"dataset/video_1/JPEGS/Meet_Crowd040.jpg"
41,1.640,2,"dataset/video_1/JPEGS/Meet_Crowd041.jpg"
42,1.680,2,"dataset/video_1/JPEGS/Meet_Crowd042.jpg"
43,1.720,2,"dataset/video_1/JPEGS/Meet_Crowd043.jpg"
44,1.760,2,"dataset/video_1/JPEGS/Meet_Crowd044.jpg"
45,1.800,2,"dataset/video_1/JPEGS/Meet_Crowd045.jpg"
46,1.840,2,"dataset/video_1/JPEGS/Meet_Crowd046.jpg"
47,1.880,2,"dataset/video_1/JPEGS/Meet_Crowd047.jpg"
48,1.920,2,"dataset/video_1/JPEGS/Meet_Crowd048.jpg"
49,1.960,2,"dataset/video_1/JPEGS/Meet_Crowd049.jpg"
50,2.000,2,"dataset/video_1/JPEGS/Meet_Crowd050.jpg"
51,2.040,2,"dataset/video_1/JPEGS/Meet_Crowd051.jpg"
52,2.080,2,"dataset/video_1/JPEGS/Meet_Crowd052.jpg"
53,2.120,2,"dataset/video_1/JPEGS/Meet_Crowd053.jpg"
54,2.160,2,"dataset/video_1/JPEGS/Meet_Crowd054.jpg"
55,2.200,2,"dataset/video_1/JPEGS/Meet_Crowd055.jpg"
56,2.240,2,"dataset/video_1/JPEGS/Meet_Crowd056.jpg"
57,2.280,2,"dataset/video_1/JPEGS/Meet_Crowd057.jpg"
58,2.320,2,"dataset/video_1/JPEGS/Meet_Crowd058.jpg"
59,2.360,2,"dataset/video_1/JPEGS/Meet_Crowd059.jpg"
60,2.400,2,"dataset/video_1/JPEGS/Meet_Crowd060.jpg"
61,2.440,2,"dataset/video_1/JPEGS/Meet_Crowd061.jpg"
62,2.480,2,"dataset/video_1/JPEGS/Meet_Crowd062.jpg"
63,2.520,2,"dataset/video_1/JPEGS/Meet_Crowd063.jpg"
64,2.560,2,"dataset/video_1/JPEGS/Meet_Crowd064.jpg"
65,2.600,2,"dataset/video_1/JPEGS/Meet_Crowd065.jpg"
66,2.640,2,"dataset/video_1/JPEGS/Meet_Crowd066.jpg"
67,2.680,2,"dataset/video_1/JPEGS/Meet_Crowd067.jpg"
68,2.720,2,"dataset/video_1/JPEGS/Meet_Crowd068.jpg"
69,2.760,3,"dataset/video_1/JPEGS/Meet_Crowd069.jpg"
70,2.800,3,"dataset/video_1/JPEGS/Meet_Crowd070.jpg"
71,2.840,3,"dataset/video_1/JPEGS/Meet_Crowd071.jpg"
72,2.880,3,"dataset/video_1/JPEGS/Meet_Crowd072.jpg"
73,2.920,3,"dataset/video_1/JPEGS/Meet_Crowd073.jpg"
74,2.960,3,"dataset/video_1/JPEGS/Meet_Crowd074.jpg"
75,3.000,3,"dataset/video_1/JPEGS/Meet_Crowd075.jpg"
76,3.040,3,"dataset/video_1/JPEGS/Meet_Crowd076.jpg"
77,3.080,3,"dataset/video_1/JPEGS/Meet_Crowd077.jpg"
78,3.120,3,"dataset/video_1/JPEGS/Meet_Crowd078.jpg"
79,3.160,3,"dataset/video_1/JPEGS/Meet_Crowd079.jpg"
80,3.200,3,"dataset/video_1/JPEGS/Meet_Crowd080.jpg"
81,3.240,3,"dataset/video_1/JPEGS/Meet_Crowd081.jpg"
82,3.280,3,"dataset/video_1/JPEGS/Meet_Crowd082.jpg"
83,3.320,3,"dataset/video_1/JPEGS/Meet_Crowd083.jpg"
84,3.360,3,"dataset/video_1/JPEGS/Meet_Crowd084.jpg"
85,3.400,3,"dataset/video_1/JPEGS/Meet_Crowd085.jpg"
86,3.440,3,"dataset/video_1/JPEGS/Meet_Crowd086.jpg"
87,3.480,3,"dataset/video_1/JPEGS/Meet_Crowd087.jpg"
88,3.520,3,"dataset/video_1/JPEGS/Meet_Crowd088.jpg"
89,3.560,3,"dataset/video_1/JPEGS/Meet_Crowd089.jpg"
90,3.600,3,"dataset/video_1/JPEGS/Meet_Crowd090.jpg"
91,3.640,3,"dataset/video_1/JPEGS/Meet_Crowd091.jpg"
92,3.680,3,"dataset/video_1/JPEGS/Meet_Crowd092.jpg"
93,3.720,3,"dataset/video_1/JPEGS/Meet_Crowd093.jpg"
94,3.760,3,"dataset/video_1/JPEGS/Meet_Crowd094.jpg"
95,3.800,3,"dataset/video_1/JPEGS/Meet_Crowd095.jpg"
96,3.840,3,"dataset/video_1/JPEGS/Meet_Crowd096.jpg"
97,3.880,3,"dataset/video_1/JPEGS/Meet_Crowd097.jpg"
98,3.920,3,"dataset/video_1/JPEGS/Meet_Crowd098.jpg"
99,3.960,3,"dataset/video_1/JPEGS/Meet_Crowd099.jpg"
100,4.000,3,"dataset/video_1/JPEGS/Meet_Crowd100.jpg"
101,4.040,3,"dataset/video_1/JPEGS/Meet_Crowd101.jpg"
102,4.080,3,"dataset/video_1/JPEGS/Meet_Crowd102.jpg"
103,4.120,3,"dataset/video_1/JPEGS/Meet_Crowd103.jpg"
104,4.160,3,"dataset/video_1/JPEGS/Meet_Crowd104.jpg"
105,4.200,3,"dataset/video_1/JPEGS/Meet_Crowd105.jpg"
106,4.240,3,"dataset/video_1/JPEGS/Meet_Crowd106.jpg"
107,4.280,3,"dataset/video_1/JPEGS/Meet_Crowd107.jpg"
108,4.320,4,"dataset/video_1/JPEGS/Meet_Crowd108.jpg"
109,4.360,4,"dataset/video_1/JPEGS/Meet_Crowd109.jpg"
110,4.400,4,"dataset/video_1/JPEGS/Meet_Crowd110.jpg"
111,4.440,4,"dataset/video_1/JPEGS/Meet_Crowd111.jpg"
112,4.480,4,"dataset/video_1/JPEGS/Meet_Crowd112.jpg"
113,4.520,4,"dataset/video_1/JPEGS/Meet_Crowd113.jpg"
114,4.560,4,"dataset/video_1/JPEGS/Meet_Crowd114.jpg"
115,4.600,4,"dataset/video_1/JPEGS/Meet_Crowd115.jpg"
116,4.640,4,"dataset/video_1/JPEGS/Meet_Crowd116.jpg"
117,4.680,4,"dataset/video_1/JPEGS/Meet_Crowd117.jpg"
118,4.720,4,"dataset/video_1/JPEGS/Meet_Crowd118.jpg"
119,4.760,4,"dataset/video_1/JPEGS/Meet_Crowd119.jpg"
120,4.800,4,"dataset/video_1/JPEGS/Meet_Crowd120.jpg"
121,4.840,4,"dataset/video_1/JPEGS/Meet_Crowd121.jpg"
122,4.880,4,"dataset/video_1/JPEGS/Meet_Crowd122.jpg"
123,4.920,4,"dataset/video_1/JPEGS/Meet_Crowd123.jpg"
124,4.960,4,"dataset/video_1/JPEGS/Meet_Crowd124.jpg"
125,5.000,4,"dataset/video_1/JPEGS/Meet_Crowd125.jpg"
126,5.040,4,"dataset/video_1/JPEGS/Meet_Crowd126.jpg"
127,5.080,4,"dataset/video_1/JPEGS/Meet_Crowd127.jpg"
128,5.120,4,"dataset/video_1/JPEGS/Meet_Crowd128.jpg"
129,5.160,4,"dataset/video_1/JPEGS/Meet_Crowd129.jpg"
130,5.200,4,"dataset/video_1/JPEGS/Meet_Crowd130.jpg"
131,5.240,4,"dataset/video_1/JPEGS/Meet_Crowd131.jpg"
132,5.280,4,"dataset/video_1/JPEGS/Meet_Crowd132.jpg"
133,5.320,4,"dataset/video_1/JPEGS/Meet_Crowd133.jpg"
134,5.360,4,"dataset/video_1/JPEGS/Meet_Crowd134.jpg"
135,5.400,4,"dataset/video_1/JPEGS/Meet_Crowd135.jpg"
136,5.440,4,"dataset/video_1/JPEGS/Meet_Crowd136.jpg"
137,5.480,4,"dataset/video_1/JPEGS/Meet_Crowd137.jpg"
138,5.520,4,"dataset/video_1/JPEGS/Meet_Crowd138.jpg"
139,5.560,4,"dataset/video_1/JPEGS/Meet_Crowd139.jpg"
140,5.600,4,"dataset/video_1/JPEGS/Meet_Crowd140.jpg"
141,5.640,4,"dataset/video_1/JPEGS/Meet_Crowd141.jpg"
142,5.680,4,"dataset/video_1/JPEGS/Meet_Crowd142.jpg"
143,5.720,4,"dataset/video_1/JPEGS/Meet_Crowd143.jpg"
144,5.760,4,"dataset/video_1/JPEGS/Meet_Crowd144.jpg"
145,5.800,4,"dataset/video_1/JPEGS/Meet_Crowd145.jpg"
146,5.840,4,"dataset/video_1/JPEGS/Meet_Crowd146.jpg"
147,5.880,4,"dataset/video_1/JPEGS/Meet_Crowd147.jpg"
148,5.920,4,"dataset/video_1/JPEGS/Meet_Crowd148.jpg"
149,5.960,4,"dataset/video_1/JPEGS/Meet_Crowd149.jpg"
150,6.000,4,"dataset/video_1/JPEGS/Meet_Crowd150.jpg"
151,6.040,4,"dataset/video_1/JPEGS/Meet_Crowd151.jpg"
152,6.080,4,"dataset/video_1/JPEGS/Meet_Crowd152.jpg"
153,6.120,4,"dataset/video_1/JPEGS/Meet_Crowd153.jpg"
154,6.160,4,"dataset/video_1/JPEGS/Meet_Crowd154.jpg"
155,6.200,4,"dataset/video_1/JPEGS/Meet_Crowd155.jpg"
156,6.240,4,"dataset/video_1/JPEGS/Meet_Crowd156.jpg"
157,6.280,4,"dataset/video_1/JPEGS/Meet_Crowd157.jpg"
158,6.320,4,"dataset/video_1/JPEGS/Meet_Crowd158.jpg"
159,6.360,4,"dataset/video_1/JPEGS/Meet_Crowd159.jpg"
160,6.400,4,"dataset/video_1/JPEGS/Meet_Crowd160.jpg"
161,6.440,4,"dataset/video_1/JPEGS/Meet_Crowd161.jpg"
162,6.480,4,"dataset/video_1/JPEGS/Meet_Crowd162.jpg"
163,6.520,4,"dataset/video_1/JPEGS/Meet_Crowd163.jpg"
164,6.560,4,"dataset/video_1/JPEGS/Meet_Crowd164.jpg"
165,6.600,4,"dataset/video_1/JPEGS/Meet_Crowd165.jpg"
166,6.640,4,"dataset/video_1/JPEGS/Meet_Crowd166.jpg"
167,6.680,4,"dataset/video_1/JPEGS/Meet_Crowd167.jpg"
168,6.720,4,"dataset/video_1/JPEGS/Meet_Crowd168.jpg"
169,6.760,4,"dataset/video_1/JPEGS/Meet_Crowd169.jpg"
170,6.800,4,"dataset/video_1/JPEGS/Meet_Crowd170.jpg"
171,6.840,4,"dataset/video_1/JPEGS/Meet_Crowd171.jpg"
172,6.880,4,"dataset/video_1/JPEGS/Meet_Crowd172.jpg"
173,6.920,4,"dataset/video_1/JPEGS/Meet_Crowd173.jpg"
174,6.960,4,"dataset/video_1/JPEGS/Meet_Crowd174.jpg"
175,7.000,4,"dataset/video_1/JPEGS/Meet_Crowd175.jpg"
176,7.040,4,"dataset/video_1/JPEGS/Meet_Crowd176.jpg"
177,7.080,4,"dataset/video_1/JPEGS/Meet_Crowd177.jpg"
178,7.120,4,"dataset/video_1/JPEGS/Meet_Crowd178.jpg"
179,7.160,4,"dataset/video_1/JPEGS/Meet_Crowd179.jpg"
180,7.200,4,"dataset/video_1/JPEGS/Meet_Crowd180.jpg"
181,7.240,4,"dataset/video_1/JPEGS/Meet_Crowd181.jpg"
182,7.280,4,"dataset/video_1/JPEGS/Meet_Crowd182.jpg"
183,7.320,4,"dataset/video_1/JPEGS/Meet_Crowd183.jpg"
184,7.360,4,"dataset/video_1/JPEGS/Meet_Crowd184.jpg"
185,7.400,4,"dataset/video_1/JPEGS/Meet_Crowd185.jpg"
186,7.440,4,"dataset/video_1/JPEGS/Meet_Crowd186.jpg"
187,7.480,4,"dataset/video_1/JPEGS/Meet_Crowd187.jpg"
188,7.520,4,"dataset/video_1/JPEGS/Meet_Crowd188.jpg"
189,7.560,4,"dataset/video_1/JPEGS/Meet_Crowd189.jpg"
190,7.600,4,"dataset/video_1/JPEGS/Meet_Crowd190.jpg"
191,7.640,4,"dataset/video_1/JPEGS/Meet_Crowd191.jpg"
192,7.680,4,"dataset/video_1/JPEGS/Meet_Crowd192.jpg"
193,7.720,4,"dataset/video_1/JPEGS/Meet_Crowd193.jpg"
194,7.760,4,"dataset/video_1/JPEGS/Meet_Crowd194.jpg"
195,7.800,4,"dataset/video_1/JPEGS/Meet_Crowd195.jpg"
196,7.840,4,"dataset/video_1/JPEGS/Meet_Crowd196.jpg"
197,7.880,4,"dataset/video_1/JPEGS/Meet_Crowd197.jpg"
198,7.920,4,"dataset/video_1/JPEGS/Meet_Crowd198.jpg"
199,7.960,4,"dataset/video_1/JPEGS/Meet_Crowd199.jpg"
200,8.000,4,"dataset/video_1/JPEGS/Meet_Crowd200.jpg"
201,8.040,4,"dataset/video_1/JPEGS/Meet_Crowd201.jpg"
202,8.080,4,"dataset/video_1/JPEGS/Meet_Crowd202.jpg"
203,8.120,4,"dataset/video_1/JPEGS/Meet_Crowd203.jpg"
204,8.160,4,"dataset/video_1/JPEGS/Meet_Crowd204.jpg"
205,8.200,4,"dataset/video_1/JPEGS/Meet_Crowd205.jpg"
206,8.240,4,"dataset/video_1/JPEGS/Meet_Crowd206.jpg"
207,8.280,4,"dataset/video_1/JPEGS/Meet_Crowd207.jpg"
208,8.320,4,"dataset/video_1/JPEGS/Meet_Crowd208.jpg"
209,8.360,4,"dataset/video_1/JPEGS/Meet_Crowd209.jpg"
210,8.400,4,"dataset/video_1/JPEGS/Meet_Crowd210.jpg"
211,8.440,4,"dataset/video_1/JPEGS/Meet_Crowd211.jpg"
212,8.480,4,"dataset/video_1/JPEGS/Meet_Crowd212.jpg"
213,8.520,4,"dataset/video_1/JPEGS/Meet_Crowd213.jpg"
214,8.560,4,"dataset/video_1/JPEGS/Meet_Crowd214.jpg"
215,8.600,4,"dataset/video_1/JPEGS/Meet_Crowd215.jpg"
216,8.640,4,"dataset/video_1/JPEGS/Meet_Crowd216.jpg"
217,8.680,4,"dataset/video_1/JPEGS/Meet_Crowd217.jpg"
218,8.720,4,"dataset/video_1/JPEGS/Meet_Crowd218.jpg"
219,8.760,4,"dataset/video_1/JPEGS/Meet_Crowd219.jpg"
220,8.800,4,"dataset/video_1/JPEGS/Meet_Crowd220.jpg"
221,8.840,4,"dataset/video_1/JPEGS/Meet_Crowd221.jpg"
222,8.880,4,"dataset/video_1/JPEGS/Meet_Crowd222.jpg"
223,8.920,4,"dataset/video_1/JPEGS/Meet_Crowd223.jpg"
224,8.960,4,"dataset/video_1/JPEGS/Meet_Crowd224.jpg"
225,9.000,4,"dataset/video_1/JPEGS/Meet_Crowd225.jpg"
226,9.040,4,"dataset/video_1/JPEGS/Meet_Crowd226.jpg"
227,9.080,4,"dataset/video_1/JPEGS/Meet_Crowd227.jpg"
228,9.120,4,"dataset/video_1/JPEGS/Meet_Crowd228.jpg"
229,9.160,4,"dataset/video_1/JPEGS/Meet_Crowd229.jpg"
230,9.200,4,"dataset/video_1/JPEGS/Meet_Crowd230.jpg"
231,9.240,4,"dataset/video_1/JPEGS/Meet_Crowd231.jpg"
232,9.280,4,"dataset/video_1/JPEGS/Meet_Crowd232.jpg"
233,9.320,4,"dataset/video_1/JPEGS/Meet_Crowd233.jpg"
234,9.360,4,"dataset/video_1/JPEGS/Meet_Crowd234.jpg"
235,9.400,4,"dataset/video_1/JPEGS/Meet_Crowd235.jpg"
236,9.440,4,"dataset/video_1/JPEGS/Meet_Crowd236.jpg"
237,9.480,4,"dataset/video_1/JPEGS/Meet_Crowd237.jpg"
238,9.520,4,"dataset/video_1/JPEGS/Meet_Crowd238.jpg"
239,9.560,4,"dataset/video_1/JPEGS/Meet_Crowd239.jpg"
240,9.600,4,"dataset/video_1/JPEGS/Meet_Crowd240.jpg"
241,9.640,4,"dataset/video_1/JPEGS/Meet_Crowd241.jpg"
242,9.680,4,"dataset/video_1/JPEGS/Meet_Crowd242.jpg"
243,9.720,4,"dataset/video_1/JPEGS/Meet_Crowd243.jpg"
244,9.760,4,"dataset/video_1/JPEGS/Meet_Crowd244.jpg"
245,9.800,4,"dataset/video_1/JPEGS/Meet_Crowd245.jpg"
246,9.840,4,"dataset/video_1/JPEGS/Meet_Crowd246.jpg"
247,9.880,4,"dataset/video_1/JPEGS/Meet_Crowd247.jpg"
248,9.920,4,"dataset/video_1/JPEGS/Meet_Crowd248.jpg"
249,9.960,4,"dataset/video_1/JPEGS/Meet_Crowd249.jpg"
250,10.000,4,"dataset/video_1/JPEGS/Meet_Crowd250.jpg"
251,10.040,4,"dataset/video_1/JPEGS/Meet_Crowd251.jpg"
252,10.080,4,"dataset/video_1/JPEGS/Meet_Crowd252.jpg"
253,10.120,4,"dataset/video_1/JPEGS/Meet_Crowd253.jpg"
254,10.160,4,"dataset/video_1/JPEGS/Meet_Crowd254.jpg"
255,10.200,4,"dataset/video_1/JPEGS/Meet_Crowd255.jpg"
256,10.240,4,"dataset/video_1/JPEGS/Meet_Crowd256.jpg"
257,10.280,4,"dataset/video_1/JPEGS/Meet_Crowd257.jpg"
258,10.320,4,"dataset/video_1/JPEGS/Meet_Crowd258.jpg"
259,10.360,4,"dataset/video_1/JPEGS/Meet_Crowd259.jpg"
260,10.400,4,"dataset/video_1/JPEGS/Meet_Crowd260.jpg"
261,10.440,4,"dataset/video_1/JPEGS/Meet_Crowd261.jpg"
262,10.480,4,"dataset/video_1/JPEGS/Meet_Crowd262.jpg"
263,10.520,4,"dataset/video_1/JPEGS/Meet_Crowd263.jpg"
264,10.560,4,"dataset/video_1/JPEGS/Meet_Crowd264.jpg"
265,10.600,4,"dataset/video_1/JPEGS/Meet_Crowd265.jpg"
266,10.640,4,"dataset/video_1/JPEGS/Meet_Crowd266.jpg"
267,10.680,4,"dataset/video_1/JPEGS/Meet_Crowd267.jpg"
268,10.720,4,"dataset/video_1/JPEGS/Meet_Crowd268.jpg"
269,10.760,4,"dataset/video_1/JPEGS/Meet_Crowd269.jpg"
270,10.800,4,"dataset/video_1/JPEGS/Meet_Crowd270.jpg"
271,10.840,4,"dataset/video_1/JPEGS/Meet_Crowd271.jpg"
272,10.880,4,"dataset/video_1/JPEGS/Meet_Crowd272.jpg"
273,10.920,4,"dataset/video_1/JPEGS/Meet_Crowd273.jpg"
274,10.960,4,"dataset/video_1/JPEGS/Meet_Crowd274.jpg"
275,11.000,4,"dataset/video_1/JPEGS/Meet_Crowd275.jpg"
276,11.040,4,"dataset/video_1/JPEGS/Meet_Crowd276.jpg"
277,11.080,4,"dataset/video_1/JPEGS/Meet_Crowd277.jpg"
278,11.120,4,"dataset/video_1/JPEGS/Meet_Crowd278.jpg"
279,11.160,4,"dataset/video_1/JPEGS/Meet_Crowd279.jpg"
280,11.200,4,"dataset/video_1/JPEGS/Meet_Crowd280.jpg"
281,11.240,4,"dataset/video_1/JPEGS/Meet_Crowd281.jpg"
282,11.280,4,"dataset/video_1/JPEGS/Meet_Crowd282.jpg"
283,11.320,4,"dataset/video_1/JPEGS/Meet_Crowd283.jpg"
284,11.360,4,"dataset/video_1/JPEGS/Meet_Crowd284.jpg"
285,11.400,4,"dataset/video_1/JPEGS/Meet_Crowd285.jpg"
286,11.440,4,"dataset/video_1/JPEGS/Meet_Crowd286.jpg"
287,11.480,4,"dataset/video_1/JPEGS/Meet_Crowd287.jpg"
288,11.520,4,"dataset/video_1/JPEGS/Meet_Crowd288.jpg"
289,11.560,4,"dataset/video_1/JPEGS/Meet_Crowd289.jpg"
290,11.600,4,"dataset/video_1/JPEGS/Meet_Crowd290.jpg"
291,11.640,4,"dataset/video_1/JPEGS/Meet_Crowd291.jpg"
292,11.680,4,"dataset/video_1/JPEGS/Meet_Crowd292.jpg"
293,11.720,4,"dataset/video_1/JPEGS/Meet_Crowd293.jpg"
294,11.760,4,"dataset/video_1/JPEGS/Meet_Crowd294.jpg"
295,11.800,4,"dataset/video_1/JPEGS/Meet_Crowd295.jpg"
296,11.840,4,"dataset/video_1/JPEGS/Meet_Crowd296.jpg"
297,11.880,4,"dataset/video_1/JPEGS/Meet_Crowd297.jpg"
298,11.920,4,"dataset/video_1/JPEGS/Meet_Crowd298.jpg"
299,11.960,4,"dataset/video_1/JPEGS/Meet_Crowd299.jpg"
300,12.000,4,"dataset/video_1/JPEGS/Meet_Crowd300.jpg"
301,12.040,4,"dataset/video_1/JPEGS/Meet_Crowd301.jpg"
302,12.080,4,"dataset/video_1/JPEGS/Meet_Crowd302.jpg"
303,12.120,4,"dataset/video_1/JPEGS/Meet_Crowd303.jpg"
304,12.160,4,"dataset/video_1/JPEGS/Meet_Crowd304.jpg"
305,12.200,4,"dataset/video_1/JPEGS/Meet_Crowd305.jpg"
306,12.240,4,"dataset/video_1/JPEGS/Meet_Crowd306.jpg"
307,12.280,4,"dataset/video_1/JPEGS/Meet_Crowd307.jpg"
308,12.320,4,"dataset/video_1/JPEGS/Meet_Crowd308.jpg"
309,12.360,4,"dataset/video_1/JPEGS/Meet_Crowd309.jpg"
310,12.400,4,"dataset/video_1/JPEGS/Meet_Crowd310.jpg"
311,12.440,4,"dataset/video_1/JPEGS/Meet_Crowd311.jpg"
312,12.480,4,"dataset/video_1/JPEGS/Meet_Crowd312.jpg"
313,12.520,4,"dataset/video_1/JPEGS/Meet_Crowd313.jpg"
314,12.560,4,"dataset/video_1/JPEGS/Meet_Crowd314.jpg"
315,12.600,4,"dataset/video_1/JPEGS/Meet_Crowd315.jpg"
316,12.640,4,"dataset/video_1/JPEGS/Meet_Crowd316.jpg"
317,12.680,4,"dataset/video_1/JPEGS/Meet_Crowd317.jpg"
318,12.720,4,"dataset/video_1/JPEGS/Meet_Crowd318.jpg"
319,12.760,4,"dataset/video_1/JPEGS/Meet_Crowd319.jpg"
320,12.800,4,"dataset/video_1/JPEGS/Meet_Crowd320.jpg"
321,12.840,4,"dataset/video_1/JPEGS/Meet_Crowd321.jpg"
322,12.880,4,"dataset/video_1/JPEGS/Meet_Crowd322.jpg"
323,12.920,4,"dataset/video_1/JPEGS/Meet_Crowd323.jpg"
324,12.960,4,"dataset/video_1/JPEGS/Meet_Crowd324.jpg"
325,13.000,4,"dataset/video_1/JPEGS/Meet_Crowd325.jpg"
326,13.040,4,"dataset/video_1/JPEGS/Meet_Crowd326.jpg"
327,13.080,4,"dataset/video_1/JPEGS/Meet_Crowd327.jpg"
328,13.120,4,"dataset/video_1/JPEGS/Meet_Crowd328.jpg"
329,13.160,4,"dataset/video_1/JPEGS/Meet_Crowd329.jpg"
330,13.200,4,"dataset/video_1/JPEGS/Meet_Crowd330.jpg"
331,13.240,3,"dataset/video_1/JPEGS/Meet_Crowd331.jpg"
332,13.280,3,"dataset/video_1/JPEGS/Meet_Crowd332.jpg"
333,13.320,3,"dataset/video_1/JPEGS/Meet_Crowd333.jpg"
334,13.360,3,"dataset/video_1/JPEGS/Meet_Crowd334.jpg"
335,13.400,3,"dataset/video_1/JPEGS/Meet_Crowd335.jpg"
336,13.440,3,"dataset/video_1/JPEGS/Meet_Crowd336.jpg"
337,13.480,3,"dataset/video_1/JPEGS/Meet_Crowd337.jpg"
338,13.520,3,"dataset/video_1/JPEGS/Meet_Crowd338.jpg"
339,13.560,3,"dataset/video_1/JPEGS/Meet_Crowd339.jpg"
340,13.600,3,"dataset/video_1/JPEGS/Meet_Crowd340.jpg"
341,13.640,3,"dataset/video_1/JPEGS/Meet_Crowd341.jpg"
342,13.680,3,"dataset/video_1/JPEGS/Meet_Crowd342.jpg"
343,13.720,3,"dataset/video_1/JPEGS/Meet_Crowd343.jpg"
344,13.760,3,"dataset/video_1/JPEGS/Meet_Crowd344.jpg"
345,13.800,3,"dataset/video_1/JPEGS/Meet_Crowd345.jpg"
346,13.840,3,"dataset/video_1/JPEGS/Meet_Crowd346.jpg"
347,13.880,3,"dataset/video_1/JPEGS/Meet_Crowd347.jpg"
348,13.920,3,"dataset/video_1/JPEGS/Meet_Crowd348.jpg"
349,13.960,3,"dataset/video_1/JPEGS/Meet_Crowd349.jpg"
350,14.000,3,"dataset/video_1/JPEGS/Meet_Crowd350.jpg"
351,14.040,2,"dataset/video_1/JPEGS/Meet_Crowd351.jpg"
352,14.080,2,"dataset/video_1/JPEGS/Meet_Crowd352.jpg"
353,14.120,1,"dataset/video_1/JPEGS/Meet_Crowd353.jpg"
354,14.160,1,"dataset/video_1/JPEGS/Meet_Crowd354.jpg"
355,14.200,1,"dataset/video_1/JPEGS/Meet_Crowd355.jpg"
356,14.240,1,"dataset/video_1/JPEGS/Meet_Crowd356.jpg"
357,14.280,1,"dataset/video_1/JPEGS/Meet_Crowd357.jpg"
358,14.320,1,"dataset/video_1/JPEGS/Meet_Crowd358.jpg"
359,14.360,1,"dataset/video_1/JPEGS/Meet_Crowd359.jpg"
360,14.400,1,"dataset/video_1/JPEGS/Meet_Crowd360.jpg"
361,14.440,1,"dataset/video_1/JPEGS/Meet_Crowd361.jpg"
362,14.480,1,"dataset/video_1/JPEGS/Meet_Crowd362.jpg"
363,14.520,1,"dataset/video_1/JPEGS/Meet_Crowd363.jpg"
364,14.560,1,"dataset/video_1/JPEGS/Meet_Crowd364.jpg"
365,14.600,1,"dataset/video_1/JPEGS/Meet_Crowd365.jpg"
366,14.640,1,"dataset/video_1/JPEGS/Meet_Crowd366.jpg"
367,14.680,1,"dataset/video_1/JPEGS/Meet_Crowd367.jpg"
368,14.720,1,"dataset/video_1/JPEGS/Meet_Crowd368.jpg"
369,14.760,1,"dataset/video_1/JPEGS/Meet_Crowd369.jpg"
370,14.800,1,"dataset/video_1/JPEGS/Meet_Crowd370.jpg"
371,14.840,1,"dataset/video_1/JPEGS/Meet_Crowd371.jpg"
372,14.880,1,"dataset/video_1/JPEGS/Meet_Crowd372.jpg"
373,14.920,1,"dataset/video_1/JPEGS/Meet_Crowd373.jpg"
374,14.960,1,"dataset/video_1/JPEGS/Meet_Crowd374.jpg"
375,15.000,1,"dataset/video_1/JPEGS/Meet_Crowd375.jpg"
376,15.040,1,"dataset/video_1/JPEGS/Meet_Crowd376.jpg"
377,15.080,0,"dataset/video_1/JPEGS/Meet_Crowd377.jpg"
378,15.120,0,"dataset/video_1/JPEGS/Meet_Crowd378.jpg"
379,15.160,0,"dataset/video_1/JPEGS/Meet_Crowd379.jpg"
380,15.200,0,"dataset/video_1/JPEGS/Meet_Crowd380.jpg"
381,15.240,0,"dataset/video_1/JPEGS/Meet_Crowd381.jpg"
382,15.280,0,"dataset/video_1/JPEGS/Meet_Crowd382.jpg"
383,15.320,0,"dataset/video_1/JPEGS/Meet_Crowd383.jpg"
384,15.360,0,"dataset/video_1/JPEGS/Meet_Crowd384.jpg"
385,15.400,0,"dataset/video_1/JPEGS/Meet_Crowd385.jpg"
386,15.440,0,"dataset/video_1/JPEGS/Meet_Crowd386.jpg"
387,15.480,0,"dataset/video_1/JPEGS/Meet_Crowd387.jpg"
388,15.520,0,"dataset/video_1/JPEGS/Meet_Crowd388.jpg"
389,15.560,0,"dataset/video_1/JPEGS/Meet_Crowd389.jpg"
390,15.600,0,"dataset/video_1/JPEGS/Meet_Crowd390.jpg"
391,15.640,0,"dataset/video_1/JPEGS/Meet_Crowd391.jpg"
392,15.680,0,"dataset/video_1/JPEGS/Meet_Crowd392.jpg"
393,15.720,0,"dataset/video_1/JPEGS/Meet_Crowd393.jpg"
394,15.760,0,"dataset/video_1/JPEGS/Meet_Crowd394.jpg"
395,15.800,0,"dataset/video_1/JPEGS/Meet_Crowd395.jpg"
396,15.840,0,"dataset/video_1/JPEGS/Meet_Crowd396.jpg"
397,15.880,0,"dataset/video_1/JPEGS/Meet_Crowd397.jpg"
398,15.920,0,"dataset/video_1/JPEGS/Meet_Crowd398.jpg"
399,15.960,0,"dataset/video_1/JPEGS/Meet_Crowd399.jpg"
400,16.000,0,"dataset/video_1/JPEGS/Meet_Crowd400.jpg"
401,16.040,0,"dataset/video_1/JPEGS/Meet_Crowd401.jpg"
402,16.080,0,"dataset/video_1/JPEGS/Meet_Crowd402.jpg"
403,16.120,0,"dataset/video_1/JPEGS/Meet_Crowd403.jpg"
404,16.160,0,"dataset/video_1/JPEGS/Meet_Crowd404.jpg"
405,16.200,0,"dataset/video_1/JPEGS/Meet_Crowd405.jpg"
406,16.240,0,"dataset/video_1/JPEGS/Meet_Crowd406.jpg"
407,16.280,0,"dataset/video_1/JPEGS/Meet_Crowd407.jpg"
408,16.320,0,"dataset/video_1/JPEGS/Meet_Crowd408.jpg"
409,16.360,0,"dataset/video_1/JPEGS/Meet_Crowd409.jpg"
410,16.400,0,"dataset/video_1/JPEGS/Meet_Crowd410.jpg"
411,16.440,0,"dataset/video_1/JPEGS/Meet_Crowd411.jpg"
412,16.480,0,"dataset/video_1/JPEGS/Meet_Crowd412.jpg"
413,16.520,0,"dataset/video_1/JPEGS/Meet_Crowd413.jpg"
414,16.560,0,"dataset/video_1/JPEGS/Meet_Crowd414.jpg"
415,16.600,0,"dataset/video_1/JPEGS/Meet_Crowd415.jpg"
416,16.640,0,"dataset/video_1/JPEGS/Meet_Crowd416.jpg"
417,16.680,0,"dataset/video_1/JPEGS/Meet_Crowd417.jpg"
418,16.720,0,"dataset/video_1/JPEGS/Meet_Crowd418.jpg"
419,16.760,0,"dataset/video_1/JPEGS/Meet_Crowd419.jpg"
420,16.800,0,"dataset/video_1/JPEGS/Meet_Crowd420.jpg"
421,16.840,0,"dataset/video_1/JPEGS/Meet_Crowd421.jpg"
422,16.880,0,"dataset/video_1/JPEGS/Meet_Crowd422.jpg"
423,16.920,0,"dataset/video_1/JPEGS/Meet_Crowd423.jpg"
424,16.960,0,"dataset/video_1/JPEGS/Meet_Crowd424.jpg"
425,17.000,0,"dataset/video_1/JPEGS/Meet_Crowd425.jpg"
426,17.040,0,"dataset/video_1/JPEGS/Meet_Crowd426.jpg"
427,17.080,0,"dataset/video_1/JPEGS/Meet_Crowd427.jpg"
428,17.120,0,"dataset/video_1/JPEGS/Meet_Crowd428.jpg"
429,17.160,0,"dataset/video_1/JPEGS/Meet_Crowd429.jpg"
430,17.200,0,"dataset/video_1/JPEGS/Meet_Crowd430.jpg"
431,17.240,0,"dataset/video_1/JPEGS/Meet_Crowd431.jpg"
432,17.280,0,"dataset/video_1/JPEGS/Meet_Crowd432.jpg"
433,17.320,0,"dataset/video_1/JPEGS/Meet_Crowd433.jpg"
434,17.360,0,"dataset/video_1/JPEGS/Meet_Crowd434.jpg"
435,17.400,0,"dataset/video_1/JPEGS/Meet_Crowd435.jpg"
436,17.440,0,"dataset/video_1/JPEGS/Meet_Crowd436.jpg"
437,17.480,0,"dataset/video_1/JPEGS/Meet_Crowd437.jpg"
438,17.520,0,"dataset/video_1/JPEGS/Meet_Crowd438.jpg"
439,17.560,0,"dataset/video_1/JPEGS/Meet_Crowd439.jpg"
440,17.600,0,"dataset/video_1/JPEGS/Meet_Crowd440.jpg"
441,17.640,0,"dataset/video_1/JPEGS/Meet_Crowd441.jpg"
442,17.680,0,"dataset/video_1/JPEGS/Meet_Crowd442.jpg"
443,17.720,0,"dataset/video_1/JPEGS/Meet_Crowd443.jpg"
444,17.760,0,"dataset/video_1/JPEGS/Meet_Crowd444.jpg"
445,17.800,0,"dataset/video_1/JPEGS/Meet_Crowd445.jpg"
446,17.840,0,"dataset/video_1/JPEGS/Meet_Crowd446.jpg"
447,17.880,0,"dataset/video_1/JPEGS/Meet_Crowd447.jpg"
448,17.920,0,"dataset/video_1/JPEGS/Meet_Crowd448.jpg"
449,17.960,0,"dataset/video_1/JPEGS/Meet_Crowd449.jpg"
450,18.000,0,"dataset/video_1/JPEGS/Meet_Crowd450.jpg"
451,18.040,0,"dataset/video_1/JPEGS/Meet_Crowd451.jpg"
452,18.080,0,"dataset/video_1/JPEGS/Meet_Crowd452.jpg"
453,18.120,0,"dataset/video_1/JPEGS/Meet_Crowd453.jpg"
454,18.160,0,"dataset/video_1/JPEGS/Meet_Crowd454.jpg"
455,18.200,0,"dataset/video_1/JPEGS/Meet_Crowd455.jpg"
456,18.240,0,"dataset/video_1/JPEGS/Meet_Crowd456.jpg"
457,18.280,0,"dataset/video_1/JPEGS/Meet_Crowd457.jpg"
458,18.320,0,"dataset/video_1/JPEGS/Meet_Crowd458.jpg"
459,18.360,0,"dataset/video_1/JPEGS/Meet_Crowd459.jpg"
460,18.400,0,"dataset/video_1/JPEGS/Meet_Crowd460.jpg"
461,18.440,0,"dataset/video_1/JPEGS/Meet_Crowd461.jpg"
462,18.480,0,"dataset/video_1/JPEGS/Meet_Crowd462.jpg"
463,18.520,0,"dataset/video_1/JPEGS/Meet_Crowd463.jpg"
464,18.560,0,"dataset/video_1/JPEGS/Meet_Crowd464.jpg"
465,18.600,0,"dataset/video_1/JPEGS/Meet_Crowd465.jpg"
466,18.640,0,"dataset/video_1/JPEGS/Meet_Crowd466.jpg"
467,18.680,0,"dataset/video_1/JPEGS/Meet_Crowd467.jpg"
468,18.720,0,"dataset/video_1/JPEGS/Meet_Crowd468.jpg"
469,18.760,0,"dataset/video_1/JPEGS/Meet_Crowd469.jpg"
470,18.800,0,"dataset/video_1/JPEGS/Meet_Crowd470.jpg"
471,18.840,0,"dataset/video_1/JPEGS/Meet_Crowd471.jpg"
472,18.880,0,"dataset/video_1/JPEGS/Meet_Crowd472.jpg"
473,18.920,0,"dataset/video_1/JPEGS/Meet_Crowd473.jpg"
474,18.960,0,"dataset/video_1/JPEGS/Meet_Crowd474.jpg"
475,19.000,0,"dataset/video_1/JPEGS/Meet_Crowd475.jpg"
476,19.040,0,"dataset/video_1/JPEGS/Meet_Crowd476.jpg"
477,19.080,0,"dataset/video_1/JPEGS/Meet_Crowd477.jpg"
478,19.120,0,"dataset/video_1/JPEGS/Meet_Crowd478.jpg"
479,19.160,0,"dataset/video_1/JPEGS/Meet_Crowd479.jpg"
480,19.200,0,"dataset/video_1/JPEGS/Meet_Crowd480.jpg"
481,19.240,0,"dataset/video_1/JPEGS/Meet_Crowd481.jpg"
482,19.280,0,"dataset/video_1/JPEGS/Meet_Crowd482.jpg"
483,19.320,0,"dataset/video_1/JPEGS/Meet_Crowd483.jpg"
484,19.360,0,"dataset/video_1/JPEGS/Meet_Crowd484.jpg"
485,19.400,0,"dataset/video_1/JPEGS/Meet_Crowd485.jpg"
486,19.440,0,"dataset/video_1/JPEGS/Meet_Crowd486.jpg"
487,19.480,0,"dataset/video_1/JPEGS/Meet_Crowd487.jpg"
488,19.520,0,"dataset/video_1/JPEGS/Meet_Crowd488.jpg"
489,19.560,0,"dataset/video_1/JPEGS/Meet_Crowd489.jpg"
490,19.600,0,"dataset/video_1/JPEGS/Meet_Crowd490.jpg"
